<?xml version="1.0" encoding="UTF-8" standalone="yes"?>
<profile>
    <profile_id>292717</profile_id>
    <profilename>Kodak Scanner i3000</profilename>
    <firmware>
        <model>IGEL OS 11</model>
        <version>11.06.100.01</version>
    </firmware>
    <description>add SANE driver to IGEL OS</description>
    <overwritesessions>false</overwritesessions>
    <is_master_profile>false</is_master_profile>
    <is_igel_os>true</is_igel_os>
    <settings>
        <pclass name="userinterface.rccustom.custom_cmd_net_final">
            <pvalue instancenr="-1" variableExpression="" variableSubstitutionActive="false">echo -e "kds_i3000" &amp;gt&amp;gt /etc/sane.d/dll.conf
echo -e "kds_i3000" &amp;gt&amp;gt /dev/.mnt-system/rw/services/unsupported03/upper/etc/scanbd/sane.d/dll.conf
echo -e "kds_i3000" &amp;gt&amp;gt /services/unsupported03/etc/scanbd/sane.d/dll.conf</pvalue>
            <variableSubstitutionActive>false</variableSubstitutionActive>
        </pclass>
        <pclass name="ica.module.virtualdriver.fabulatech_scanner.enable">
            <pvalue instancenr="-1" variableExpression="" variableSubstitutionActive="false">true</pvalue>
            <variableSubstitutionActive>false</variableSubstitutionActive>
        </pclass>
        <pclass name="services.unsupported03.enabled">
            <pvalue instancenr="-1" variableExpression="" variableSubstitutionActive="false">true</pvalue>
            <variableSubstitutionActive>false</variableSubstitutionActive>
        </pclass>
        <pclass name="custom_partition.enabled">
            <pvalue instancenr="-1" variableExpression="" variableSubstitutionActive="false">true</pvalue>
            <variableSubstitutionActive>false</variableSubstitutionActive>
        </pclass>
        <pclass name="custom_partition.size">
            <pvalue instancenr="-1" variableExpression="" variableSubstitutionActive="false">100M</pvalue>
            <variableSubstitutionActive>false</variableSubstitutionActive>
        </pclass>
    </settings>
    <instancesettings>
        <instance classprefix="custom_partition.source%" serialnumber="19cdbe83:17d2bb9d0e2:-7ff5127.0.1.1">
            <ivalue classname="custom_partition.source%.username" variableExpression="" variableSubstitutionActive="false">[USERNAME]</ivalue>
            <ivalue classname="custom_partition.source%.url" variableExpression="" variableSubstitutionActive="false">https://[UMSSERVER]:8443/ums_filetransfer/kodak.inf</ivalue>
            <ivalue classname="custom_partition.source%.password" variableExpression="" variableSubstitutionActive="false"></ivalue>
            <ivalue classname="custom_partition.source%.init_action" variableExpression="" variableSubstitutionActive="false">/custom/kodak-cp-init-script.sh init</ivalue>
            <ivalue classname="custom_partition.source%.final_action" variableExpression="" variableSubstitutionActive="false">/custom/kodak-cp-init-script.sh stop</ivalue>
            <ivalue classname="custom_partition.source%.crypt_password" variableExpression="" variableSubstitutionActive="false"></ivalue>
            <ivalue classname="custom_partition.source%.autoupdate" variableExpression="" variableSubstitutionActive="false">true</ivalue>
        </instance>
    </instancesettings>
</profile>
