<?xml version="1.0" encoding="UTF-8" standalone="yes"?>
<profile>
    <profile_id>177586</profile_id>
    <profilename>ICG Registration CustomApp V03</profilename>
    <firmware>
        <model>IGEL OS 11</model>
        <version>11.06.100.01</version>
    </firmware>
    <description></description>
    <overwritesessions>false</overwritesessions>
    <is_master_profile>false</is_master_profile>
    <is_igel_os>true</is_igel_os>
    <settings>
        <pclass name="system.environment_variables.fixvariable%.name">
            <pvalue instancenr="0" variableExpression="" variableSubstitutionActive="false">UMS_STRUCTURE_TAG</pvalue>
            <pvalue instancenr="1" variableExpression="" variableSubstitutionActive="false">ICG_SERVER</pvalue>
            <pvalue instancenr="2" variableExpression="" variableSubstitutionActive="false">ICG_KEY</pvalue>
            <pvalue instancenr="3" variableExpression="" variableSubstitutionActive="false">ICG_FINGERPRINT</pvalue>
            <pvalue instancenr="4" variableExpression="" variableSubstitutionActive="false">ICG_REG_RETRIES</pvalue>
            <pvalue instancenr="5" variableExpression="" variableSubstitutionActive="false">ICG_REG_WAIT</pvalue>
            <variableSubstitutionActive>false</variableSubstitutionActive>
        </pclass>
        <pclass name="system.environment_variables.fixvariable%.value">
            <pvalue instancenr="0" variableExpression="" variableSubstitutionActive="false">myICG</pvalue>
            <pvalue instancenr="1" variableExpression="" variableSubstitutionActive="false">192.168.1.1</pvalue>
            <pvalue instancenr="2" variableExpression="" variableSubstitutionActive="false">1234</pvalue>
            <pvalue instancenr="3" variableExpression="" variableSubstitutionActive="false">fill-with-the-fingerprint-without-spaces</pvalue>
            <pvalue instancenr="4" variableExpression="" variableSubstitutionActive="false">5</pvalue>
            <pvalue instancenr="5" variableExpression="" variableSubstitutionActive="false">60s</pvalue>
            <variableSubstitutionActive>false</variableSubstitutionActive>
        </pclass>
        <pclass name="userinterface.rccustom.custom_cmd_x11_final">
            <pvalue instancenr="-1" variableExpression="" variableSubstitutionActive="false">cat &amp;lt&amp;lt 'EOF' &amp;gt /tmp/icg-autoregister
#!/bin/bash

#Logging action
ACTION="icg-autoregister_${1}"
#output to systemlog with ID amd tag
LOGGER="logger -it ${ACTION}"

#Starting script
$LOGGER "Starting"

#check ICG registration
SERVER_ADDRESS=$(get system.icg.server0.host)
if &amp;lb&amp;lb -n $SERVER_ADDRESS &amp;rb&amp;rb; then
	$LOGGER "Already registered: Server=$SERVER_ADDRESS"
	exit 0
fi

if &amp;lb&amp;lb -z $ICG_SERVER &amp;rb&amp;rb; then
	$LOGGER 'ERROR: Missing ICG server address'
	exit 1
fi
if &amp;lb&amp;lb -z $ICG_KEY &amp;rb&amp;rb; then
	$LOGGER 'ERROR: Missing ICG one-time-password'
	exit 1
fi
if &amp;lb&amp;lb -z $ICG_FINGERPRINT &amp;rb&amp;rb; then
	# accept every certificate
	ICG_FINGERPRINT="'*'"
fi
if &amp;lb&amp;lb -z $ICG_REG_RETRIES &amp;rb&amp;rb; then
	ICG_REG_RETRIES=3
fi
if &amp;lb&amp;lb -z $ICG_REG_WAIT &amp;rb&amp;rb; then
	ICG_REG_WAIT='60s'
fi
if &amp;lb&amp;lb -z $UMS_STRUCTURE_TAG &amp;rb&amp;rb; then
	UMS_STRUCTURE_TAG=$(get system.remotemanager.ums_structure_tag)
fi

#start retry loop
REGISTERED='false'
while &amp;lb&amp;lb $ICG_REG_RETRIES -gt 0 &amp;rb&amp;rb; do
	if probeport $ICG_SERVER 8443 &amp;gt /dev/null 2&amp;gt&amp;amp1 ; then
		$LOGGER "ICG reachable, starting ICG registration"
		# config ICG connection
		ERR=$(icg-config -s $ICG_SERVER -o $ICG_KEY -f $ICG_FINGERPRINT -t $UMS_STRUCTURE_TAG 2&amp;gt&amp;amp1)
		if &amp;lb&amp;lb $? -eq 0 &amp;rb&amp;rb ; then
			REGISTERED='true'
		else
			$LOGGER "ICG registration failed with message: $ERR"
		fi
		break
	else
		$LOGGER "ICG at $ICG_SERVER not reachable, waiting $ICG_REG_WAIT Retries left = $ICG_REG_RETRIES"
		ICG_REG_RETRIES=$(($ICG_REG_RETRIES-1))
		sleep $ICG_REG_WAIT
	fi
done

if &amp;lb&amp;lb $REGISTERED == 'true' &amp;rb&amp;rb; then
	# establish ICG connection and fetch remote settings
	systemctl restart igel-rmsettings.service
	# start ICG tray icon
	su user -c "export XDG_RUNTIME_DIR=/run/user/777; systemctl --user --no-block restart igel-icg-tray.service"
fi

exit 0
EOF
chmod +x /tmp/icg-autoregister
setsid /tmp/icg-autoregister &amp;amp</pvalue>
            <variableSubstitutionActive>false</variableSubstitutionActive>
        </pclass>
    </settings>
    <instancesettings/>
</profile>
