<?xml version="1.0" encoding="UTF-8" standalone="yes"?>
<profiles>
    <profile>
        <profile_id>10688</profile_id>
        <profilename>ThousandEyes Agent CP</profilename>
        <firmware>
            <model>IGEL OS 11</model>
            <version>11.05.133.01</version>
        </firmware>
        <description>ThousandEyes Agent</description>
        <overwritesessions>false</overwritesessions>
        <is_master_profile>false</is_master_profile>
        <is_igel_os>true</is_igel_os>
        <settings>
            <pclass name="custom_partition.enabled">
                <pvalue instancenr="-1" variableExpression="" variableSubstitutionActive="false">true</pvalue>
                <variableSubstitutionActive>false</variableSubstitutionActive>
            </pclass>
            <pclass name="userinterface.rccustom.custom_cmd_x11_final">
                <pvalue instancenr="-1" variableExpression="" variableSubstitutionActive="false">cat &amp;lt&amp;lt 'EOF' &amp;gt /custom/thousandeyes/etc/te-agent.cfg
log-path=/var/log
log-file-size=10
log-level=DEBUG
num-log-files=13
account-token=&amp;ltACCOUNT-TOKEN&amp;gt
proxy-type=DIRECT
proxy-location=
proxy-user=
proxy-pass=
proxy-auth-type=
proxy-bypass-list=
kdc-user=
kdc-pass=
kdc-realm=
kdc-host=
kdc-port=88
kerberos-whitelist=
kerberos-rdns=1
crash-reports=1
EOF
chmod 600 /custom/thousandeyes/etc/te-agent.cfg
systemctl enable /custom/thousandeyes/lib/systemd/system/te-agent.service;
systemctl start te-agent.service;</pvalue>
                <variableSubstitutionActive>false</variableSubstitutionActive>
            </pclass>
            <pclass name="custom_partition.size">
                <pvalue instancenr="-1" variableExpression="" variableSubstitutionActive="false">200M</pvalue>
                <variableSubstitutionActive>false</variableSubstitutionActive>
            </pclass>
        </settings>
        <instancesettings>
            <instance classprefix="custom_partition.source%" serialnumber="31cea061:1730aeba537:-7fff127.0.1.1">
                <ivalue classname="custom_partition.source%.username" variableExpression="" variableSubstitutionActive="false">[USERNAME]</ivalue>
                <ivalue classname="custom_partition.source%.url" variableExpression="" variableSubstitutionActive="false">https://[UMSSERVER]:8443/ums_filetransfer/thousandeyes.inf</ivalue>
                <ivalue classname="custom_partition.source%.password" variableExpression="" variableSubstitutionActive="false"></ivalue>
                <ivalue classname="custom_partition.source%.init_action" variableExpression="" variableSubstitutionActive="false">/custom/thousandeyes-cp-init-script.sh init</ivalue>
                <ivalue classname="custom_partition.source%.final_action" variableExpression="" variableSubstitutionActive="false">/custom/thousandeyes-cp-init-script.sh stop</ivalue>
                <ivalue classname="custom_partition.source%.crypt_password" variableExpression="" variableSubstitutionActive="false"></ivalue>
                <ivalue classname="custom_partition.source%.autoupdate" variableExpression="" variableSubstitutionActive="false">true</ivalue>
            </instance>
        </instancesettings>
    </profile>
</profiles>
