<?xml version="1.0" encoding="UTF-8" standalone="yes"?>
<profiles>
    <profile>
        <profile_id>36298</profile_id>
        <profilename>UMSConnect</profilename>
        <firmware>
            <model>IGEL OS 11</model>
            <version>11.07.100.01</version>
        </firmware>
        <description>Re-Connect to the UMS</description>
        <overwritesessions>false</overwritesessions>
        <is_master_profile>false</is_master_profile>
        <is_igel_os>true</is_igel_os>
        <settings>
            <pclass name="userinterface.rccustom.custom_cmd_net_final">
                <pvalue instancenr="-1" variableExpression="" variableSubstitutionActive="false">cat &amp;lt&amp;lt 'EOF' &amp;gt /bin/igel_umsconnect.sh
#!/bin/bash
###########################################################################################
# Script Name umsconnect for IGEL OS 11.07.100
# Written by Michael Greear 09/2020 edited for 11.06.1 01/22/2022
# Version 3.0.2
###########################################################################################
pkexec --user root get_rmsettings
pkexec --user root killwait_postsetupd

# determine interfaces
# https://kb.igel.com/igelos-11.08.200/en/lan-interfaces-69178031.html
if [ -e /config/net/en-interfaces ]; then
  LOCAL_IP=$(head -n 1 /config/net/en-interfaces)
else
  LOCAL_IP=eth0
fi
if [ -e /config/net/wl-interfaces ]; then
  WIFI_IP=$(head -n 1 /config/net/wl-interfaces)
else
  WIFI_IP=wlan0
fi

notify-send-message -t 200000 -i /usr/share/icons/IGEL-Basic/categories/64/igel-network.png UMSConnect_Local_IP $(ip -o -4 addr show dev ${LOCAL_IP} | cut -d' ' -f7 | cut -d'/' -f1)
notify-send-message -t 200000 -i /usr/share/icons/IGEL-Basic/categories/64/igel-network.png UMSConnect_WiFi_IP $(ip -o -4 addr show dev ${WIFI_IP} | cut -d' ' -f7 | cut -d'/' -f1)
notify-send-message -t 200000 -i /usr/share/icons/IGEL-Basic/categories/64/igel-network.png UMSConnect_VPN_IP $(ip -o -4 addr show dev tun0 | cut -d' ' -f7 | cut -d'/' -f1)
notify-send-message -t 200000 -i /usr/share/icons/IGEL-Basic/categories/64/igel-info.png UMSConnect_Name $(hostname -a)
EOF
chmod a+x /bin/igel_umsconnect.sh</pvalue>
                <variableSubstitutionActive>false</variableSubstitutionActive>
            </pclass>
        </settings>
        <instancesettings>
            <instance classprefix="sessions.custom_application%" serialnumber="-5c20b8e:1762548a54c:-7ff3127.0.1.1">
                <ivalue classname="sessions.custom_application%.applaunch" variableExpression="" variableSubstitutionActive="false">true</ivalue>
                <ivalue classname="sessions.custom_application%.applaunch_path" variableExpression="" variableSubstitutionActive="false"></ivalue>
                <ivalue classname="sessions.custom_application%.applaunch_system" variableExpression="" variableSubstitutionActive="false">false</ivalue>
                <ivalue classname="sessions.custom_application%.appliance_mode_access" variableExpression="" variableSubstitutionActive="false">false</ivalue>
                <ivalue classname="sessions.custom_application%.autostart" variableExpression="" variableSubstitutionActive="false">false</ivalue>
                <ivalue classname="sessions.custom_application%.autostartnotify" variableExpression="" variableSubstitutionActive="false">false</ivalue>
                <ivalue classname="sessions.custom_application%.cmdline" variableExpression="" variableSubstitutionActive="false">/bin/igel_umsconnect.sh</ivalue>
                <ivalue classname="sessions.custom_application%.desktop" variableExpression="" variableSubstitutionActive="false">false</ivalue>
                <ivalue classname="sessions.custom_application%.desktop_path" variableExpression="" variableSubstitutionActive="false"></ivalue>
                <ivalue classname="sessions.custom_application%.hotkey" variableExpression="" variableSubstitutionActive="false"></ivalue>
                <ivalue classname="sessions.custom_application%.hotkeymodifier" variableExpression="" variableSubstitutionActive="false">None</ivalue>
                <ivalue classname="sessions.custom_application%.icon" variableExpression="" variableSubstitutionActive="false">igel</ivalue>
                <ivalue classname="sessions.custom_application%.menu_path" variableExpression="" variableSubstitutionActive="false"></ivalue>
                <ivalue classname="sessions.custom_application%.name" variableExpression="" variableSubstitutionActive="false">UMSConnect</ivalue>
                <ivalue classname="sessions.custom_application%.position" variableExpression="" variableSubstitutionActive="false">0</ivalue>
                <ivalue classname="sessions.custom_application%.pulldown" variableExpression="" variableSubstitutionActive="false">false</ivalue>
                <ivalue classname="sessions.custom_application%.pwprotected" variableExpression="" variableSubstitutionActive="false">none</ivalue>
                <ivalue classname="sessions.custom_application%.quick_start" variableExpression="" variableSubstitutionActive="false">false</ivalue>
                <ivalue classname="sessions.custom_application%.restart" variableExpression="" variableSubstitutionActive="false">false</ivalue>
                <ivalue classname="sessions.custom_application%.scardautostart" variableExpression="" variableSubstitutionActive="false">false</ivalue>
                <ivalue classname="sessions.custom_application%.snotify" variableExpression="" variableSubstitutionActive="false">true</ivalue>
                <ivalue classname="sessions.custom_application%.startmenu" variableExpression="" variableSubstitutionActive="false">true</ivalue>
                <ivalue classname="sessions.custom_application%.startmenu_system" variableExpression="" variableSubstitutionActive="false">false</ivalue>
                <ivalue classname="sessions.custom_application%.usehotkey" variableExpression="" variableSubstitutionActive="false">false</ivalue>
                <ivalue classname="sessions.custom_application%.waitfornetwork" variableExpression="" variableSubstitutionActive="false">true</ivalue>
                <ivalue classname="sessions.custom_application%.waittime2autostart" variableExpression="" variableSubstitutionActive="false">0</ivalue>
                <ivalue classname="sessions.custom_application%.waittime2restart" variableExpression="" variableSubstitutionActive="false">0</ivalue>
            </instance>
        </instancesettings>
    </profile>
</profiles>
