<?xml version="1.0" encoding="UTF-8" standalone="yes"?>
<profiles>
    <profile>
        <profile_id>104316</profile_id>
        <profilename>Elo Touch Serial Driver CP</profilename>
        <firmware>
            <model>IGEL OS 11</model>
            <version>11.05.133.01</version>
        </firmware>
        <description>Elo Touch Serial Driver</description>
        <overwritesessions>false</overwritesessions>
        <is_master_profile>false</is_master_profile>
        <is_igel_os>true</is_igel_os>
        <settings>
            <pclass name="custom_partition.enabled">
                <pvalue instancenr="-1" variableExpression="" variableSubstitutionActive="false">true</pvalue>
                <variableSubstitutionActive>false</variableSubstitutionActive>
            </pclass>
            <pclass name="userinterface.rccustom.custom_cmd_x11_final">
                <pvalue instancenr="-1" variableExpression="" variableSubstitutionActive="false">cat /etc/opt/elo-ser/loadEloSerial.sh.orig | sed "s|ttyS0|${TTY}|" &amp;gt /etc/opt/elo-ser/loadEloSerial.sh;cp /etc/opt/elo-ser/eloser.service /etc/systemd/system/;systemctl enable eloser.service</pvalue>
                <variableSubstitutionActive>false</variableSubstitutionActive>
            </pclass>
            <pclass name="custom_partition.size">
                <pvalue instancenr="-1" variableExpression="" variableSubstitutionActive="false">10M</pvalue>
                <variableSubstitutionActive>false</variableSubstitutionActive>
            </pclass>
        </settings>
        <instancesettings>
            <instance classprefix="custom_partition.source%" serialnumber="-255b77b0:17b0a250ec2:-7fef127.0.1.1">
                <ivalue classname="custom_partition.source%.username" variableExpression="" variableSubstitutionActive="false">[USERNAME]</ivalue>
                <ivalue classname="custom_partition.source%.url" variableExpression="" variableSubstitutionActive="false">https://[UMSSERVER]:8443/ums_filetransfer/elotouch.inf</ivalue>
                <ivalue classname="custom_partition.source%.password" variableExpression="" variableSubstitutionActive="false"></ivalue>
                <ivalue classname="custom_partition.source%.init_action" variableExpression="" variableSubstitutionActive="false">/custom/elotouch-cp-init-script.sh init</ivalue>
                <ivalue classname="custom_partition.source%.final_action" variableExpression="" variableSubstitutionActive="false">/custom/elotouch-cp-init-script.sh stop</ivalue>
                <ivalue classname="custom_partition.source%.crypt_password" variableExpression="" variableSubstitutionActive="false"></ivalue>
                <ivalue classname="custom_partition.source%.autoupdate" variableExpression="" variableSubstitutionActive="false">true</ivalue>
            </instance>
            <instance classprefix="custom_partition.parameter%" serialnumber="-255b77b0:17b0a250ec2:-7ff7127.0.1.1">
                <ivalue classname="custom_partition.parameter%.value" variableExpression="" variableSubstitutionActive="false">ttyS9</ivalue>
                <ivalue classname="custom_partition.parameter%.name" variableExpression="" variableSubstitutionActive="false">TTY</ivalue>
            </instance>
        </instancesettings>
    </profile>
</profiles>
