<?xml version="1.0" encoding="UTF-8" standalone="yes"?>
<profile>
    <profile_id>31764</profile_id>
    <profilename>Dynamsoft Dynamic Web TWAIN CP</profilename>
    <firmware>
        <model>IGEL OS 11</model>
        <version>11.05.133.01</version>
    </firmware>
    <description>Dynamsoft Dynamic Web TWAIN CP</description>
    <overwritesessions>false</overwritesessions>
    <is_master_profile>false</is_master_profile>
    <is_igel_os>true</is_igel_os>
    <settings>
        <pclass name="custom_partition.enabled">
            <pvalue instancenr="-1" variableExpression="" variableSubstitutionActive="false">true</pvalue>
            <variableSubstitutionActive>false</variableSubstitutionActive>
        </pclass>
        <pclass name="userinterface.rccustom.custom_cmd_x11_final">
            <pvalue instancenr="-1" variableExpression="" variableSubstitutionActive="false">chmod a+x /custom/dynamsoft/usr/bin/igel_dynamsoft_autostart.sh; /custom/dynamsoft/usr/bin/igel_dynamsoft_autostart.sh &amp;amp</pvalue>
            <variableSubstitutionActive>false</variableSubstitutionActive>
        </pclass>
        <pclass name="custom_partition.mountpoint">
            <pvalue instancenr="-1" variableExpression="" variableSubstitutionActive="false">/custom</pvalue>
            <variableSubstitutionActive>false</variableSubstitutionActive>
        </pclass>
        <pclass name="custom_partition.size">
            <pvalue instancenr="-1" variableExpression="" variableSubstitutionActive="false">50M</pvalue>
            <variableSubstitutionActive>false</variableSubstitutionActive>
        </pclass>
    </settings>
    <instancesettings>
        <instance classprefix="custom_partition.source%" serialnumber="-4e093fd6:175d0e2bce3:-7ffc127.0.0.1">
            <ivalue classname="custom_partition.source%.username" variableExpression="" variableSubstitutionActive="false">[USERNAME]</ivalue>
            <ivalue classname="custom_partition.source%.url" variableExpression="" variableSubstitutionActive="false">https://[UMSSERVER]:8443/ums_filetransfer/dynamsoft.inf</ivalue>
            <ivalue classname="custom_partition.source%.init_action" variableExpression="" variableSubstitutionActive="false">/custom/dynamsoft-cp-init-script.sh init</ivalue>
            <ivalue classname="custom_partition.source%.final_action" variableExpression="" variableSubstitutionActive="false">/custom/dynamsoft-cp-init-script.sh stop</ivalue>
            <ivalue classname="custom_partition.source%.autoupdate" variableExpression="" variableSubstitutionActive="false">true</ivalue>
        </instance>
    </instancesettings>
</profile>
