<?xml version="1.0" encoding="UTF-8" standalone="yes"?>
<profiles>
    <profile>
        <profile_id>38957</profile_id>
        <profilename>Auto Screen Rotation CP</profilename>
        <firmware>
            <model>IGEL OS 11</model>
            <version>11.03.110.01</version>
        </firmware>
        <description>Auto Screen Rotation</description>
        <overwritesessions>false</overwritesessions>
        <is_master_profile>false</is_master_profile>
        <is_igel_os>true</is_igel_os>
        <settings>
            <pclass name="custom_partition.enabled">
                <pvalue instancenr="-1" variableExpression="" variableSubstitutionActive="false">true</pvalue>
                <variableSubstitutionActive>false</variableSubstitutionActive>
            </pclass>
            <pclass name="userinterface.rccustom.custom_cmd_x11_final">
                <pvalue instancenr="-1" variableExpression="" variableSubstitutionActive="false">/usr/bin/igel_asr.sh &amp;amp</pvalue>
                <variableSubstitutionActive>false</variableSubstitutionActive>
            </pclass>
            <pclass name="custom_partition.size">
                <pvalue instancenr="-1" variableExpression="" variableSubstitutionActive="false">10M</pvalue>
                <variableSubstitutionActive>false</variableSubstitutionActive>
            </pclass>
        </settings>
        <instancesettings>
            <instance classprefix="custom_partition.source%" serialnumber="-5c20b8e:1762548a54c:-7fe0127.0.1.1">
                <ivalue classname="custom_partition.source%.username" variableExpression="" variableSubstitutionActive="false">[USERNAME]</ivalue>
                <ivalue classname="custom_partition.source%.url" variableExpression="" variableSubstitutionActive="false">https://[UMSSERVER]:8443/ums_filetransfer/asr.inf</ivalue>
                <ivalue classname="custom_partition.source%.password" variableExpression="" variableSubstitutionActive="false"></ivalue>
                <ivalue classname="custom_partition.source%.init_action" variableExpression="" variableSubstitutionActive="false">/custom/asr-cp-init-script.sh init</ivalue>
                <ivalue classname="custom_partition.source%.final_action" variableExpression="" variableSubstitutionActive="false">/custom/asr-cp-init-script.sh stop</ivalue>
                <ivalue classname="custom_partition.source%.crypt_password" variableExpression="" variableSubstitutionActive="false"></ivalue>
                <ivalue classname="custom_partition.source%.autoupdate" variableExpression="" variableSubstitutionActive="false">false</ivalue>
            </instance>
        </instancesettings>
    </profile>
</profiles>
