<?xml version="1.0" encoding="UTF-8" standalone="yes"?>
<profiles>
    <profile>
        <profile_id>167665</profile_id>
        <profilename>NetIQ Device Service CP</profilename>
        <firmware>
            <model>IGEL OS 11</model>
            <version>11.08.230.01</version>
        </firmware>
        <description>NetIQ Device Service</description>
        <overwritesessions>false</overwritesessions>
        <is_master_profile>false</is_master_profile>
        <is_igel_os>true</is_igel_os>
        <settings>
            <pclass name="custom_partition.enabled">
                <pvalue instancenr="-1" variableExpression="" variableSubstitutionActive="false">true</pvalue>
                <variableSubstitutionActive>false</variableSubstitutionActive>
            </pclass>
            <pclass name="custom_partition.size">
                <pvalue instancenr="-1" variableExpression="" variableSubstitutionActive="false">200M</pvalue>
                <variableSubstitutionActive>false</variableSubstitutionActive>
            </pclass>
        </settings>
        <instancesettings>
            <instance classprefix="custom_partition.source%" serialnumber="a3bf94c:17fae4d7445:-7ffb127.0.1.1">
                <ivalue classname="custom_partition.source%.autoupdate" variableExpression="" variableSubstitutionActive="false">true</ivalue>
                <ivalue classname="custom_partition.source%.crypt_password" variableExpression="" variableSubstitutionActive="false"></ivalue>
                <ivalue classname="custom_partition.source%.final_action" variableExpression="" variableSubstitutionActive="false">/custom/netiq_ds-cp-init-script.sh stop</ivalue>
                <ivalue classname="custom_partition.source%.init_action" variableExpression="" variableSubstitutionActive="false">/custom/netiq_ds-cp-init-script.sh init</ivalue>
                <ivalue classname="custom_partition.source%.password" variableExpression="" variableSubstitutionActive="false"></ivalue>
                <ivalue classname="custom_partition.source%.url" variableExpression="" variableSubstitutionActive="false">https://[UMS_Server]:8443/ums_filetransfer/netiq_ds.inf</ivalue>
                <ivalue classname="custom_partition.source%.username" variableExpression="" variableSubstitutionActive="false">[USERNAME]</ivalue>
            </instance>
        </instancesettings>
    </profile>
</profiles>
